"year","month","trend","lower","upper"
1850,6.99999999999909,0.00811342365950086,-0.0860875110823525,0.102314358401354
1851,6.99999999999909,0.00856697609417124,-0.0769371897986753,0.0940711419870178
1852,6.99999999999909,0.00900658068079947,-0.0692060965889191,0.0872192579505181
1853,6.99999999999909,0.00941828957134529,-0.0631249870479027,0.0819615661905933
1854,6.99999999999909,0.00978815491776643,-0.0586881596659747,0.0782644695015075
1855,6.99999999999909,0.0101022288720214,-0.0556332857670847,0.0758377435111275
1856,6.99999999999909,0.0103465635860691,-0.0535289680960514,0.0742220952681895
1857,6.99999999999909,0.0105269592686466,-0.0519741658848096,0.0730280844221028
1858,6.99999999999909,0.0107464203520825,-0.0508120935983709,0.0723049343025358
1859,6.99999999999909,0.0111378086289492,-0.0499679725528812,0.0722435898107797
1860,6.99999999999909,0.0118339939182613,-0.0492732588906561,0.0729412467271786
1861,6.99999999999909,0.0129678460390327,-0.0484068014888603,0.0743424935669257
1862,6.99999999999909,0.014672234810278,-0.0469371463167616,0.0762816159373177
1863,6.99999999999909,0.017055271179777,-0.0445120401084165,0.0786225824679706
1864,6.99999999999909,0.0200745892026451,-0.0412849342762078,0.0814341126814981
1865,6.99999999999909,0.0236312839717893,-0.037588748659901,0.0848513166034796
1866,6.99999999999909,0.0276263491677795,-0.0336444020868237,0.0888971004223828
1867,6.99999999999909,0.0319607784711863,-0.0294917970869592,0.0934133540293318
1868,6.99999999999909,0.0365355655625798,-0.025020156156795,0.0980912872819546
1869,6.99999999999909,0.041249061563481,-0.0201226289361804,0.102620752063142
1870,6.99999999999909,0.0459796490839466,-0.0150355958439874,0.106994894011881
1871,6.99999999999909,0.0505965863362187,-0.0101442357209158,0.111337408393353
1872,6.99999999999909,0.0549690846193508,-0.00572256954531369,0.115660738784015
1873,6.99999999999909,0.058966355232397,-0.0018567008178904,0.119789411282684
1874,6.99999999999909,0.0624576094744115,0.00153066889035131,0.123384550058472
1875,6.99999999999909,0.0653145238069498,0.00453918443224643,0.126089863181653
1876,6.99999999999909,0.067432187479929,0.00697848684673777,0.12788588811312
1877,6.99999999999909,0.068718627787041,0.0085031766924329,0.128934078881649
1878,6.99999999999909,0.0690820083099818,0.00887147663552398,0.12929253998444
1879,6.99999999999909,0.0684304926304466,0.00802915561433553,0.128831829646558
1880,6.99999999999909,0.0666722443301314,0.00609058666291232,0.12725390199735
1881,6.99999999999909,0.063728587309306,0.00321818595088365,0.124238988667728
1882,6.99999999999909,0.059680396343204,-0.00056606929097891,0.119926861977387
1883,6.99999999999909,0.05471468641164,-0.00532974997308187,0.114759122796362
1884,6.99999999999909,0.0490203911879071,-0.0110446437967371,0.109085426172551
1885,6.99999999999909,0.0427864443452992,-0.0174971695872359,0.103070058277834
1886,6.99999999999909,0.0362017795571096,-0.0243007830218369,0.0967043421360561
1887,6.99999999999909,0.0294523496515329,-0.0310221987661934,0.0899268980692592
1888,6.99999999999909,0.0226769745500564,-0.0375559322543982,0.0829098813545109
1889,6.99999999999909,0.0159768516983405,-0.0440557643502664,0.0760094677469475
1890,6.99999999999909,0.00945213011942675,-0.0505936408127819,0.0694979010516354
1891,6.99999999999909,0.00320295883635607,-0.0570589774654599,0.063464895138172
1892,6.99999999999909,-0.00267051312783034,-0.0631640277731465,0.0578230015174858
1893,6.99999999999909,-0.00807200693288438,-0.0685610011241582,0.0524169872583895
1894,6.99999999999909,-0.0129874452743696,-0.0732425735301037,0.0472676829813645
1895,6.99999999999909,-0.0174813367728906,-0.0775263774374111,0.0425637038916299
1896,6.99999999999909,-0.0216213366510035,-0.0816626000161907,0.0384199267141836
1897,6.99999999999909,-0.025475100131264,-0.0857223071234894,0.0347721068609615
1898,6.99999999999909,-0.029110282436228,-0.0895956534323576,0.0313750885599016
1899,6.99999999999909,-0.0325918227210978,-0.0930931517065969,0.0279095062644013
1900,6.99999999999909,-0.0359039322402177,-0.0961786653520556,0.0243708008716202
1901,6.99999999999909,-0.0389384227986511,-0.098993273458932,0.0211164278616298
1902,6.99999999999909,-0.0415820424727949,-0.10161594433465,0.01845185938906
1903,6.99999999999909,-0.043721539339046,-0.103950456054883,0.0165073773767912
1904,6.99999999999909,-0.0452436614738019,-0.105716444733172,0.0152291217855679
1905,6.99999999999909,-0.0460355233296828,-0.106545149486252,0.0144741028268866
1906,6.99999999999909,-0.0460003907427151,-0.106292560442745,0.014291778957315
1907,6.99999999999909,-0.0450636869149206,-0.105127682559344,0.015000308729503
1908,6.99999999999909,-0.0431524403872676,-0.10317889925838,0.0168740184838448
1909,6.99999999999909,-0.0401936797007248,-0.100403822375854,0.0200164629744049
1910,6.99999999999909,-0.0361144333962605,-0.0965731915283751,0.0243443247358541
1911,6.99999999999909,-0.0308425754402544,-0.0913590368392465,0.0296738859587377
1912,6.99999999999909,-0.0243662334652771,-0.084675884451179,0.0359434175206248
1913,6.99999999999909,-0.0167728627321932,-0.0768471963240892,0.0433014708597028
1914,6.99999999999909,-0.00815919614698119,-0.0681796511178861,0.0518612588239237
1915,6.99999999999909,0.00137803338438068,-0.0588140498464807,0.061570116615242
1916,6.99999999999909,0.0117420929559138,-0.0487020839782328,0.0721862698900604
1917,6.99999999999909,0.0228362613056817,-0.037686019240288,0.0833585418516514
1918,6.99999999999909,0.0345653544568468,-0.0257620475741433,0.0948927564878369
1919,6.99999999999909,0.0468372457234205,-0.0132487262261095,0.106923217672951
1920,6.99999999999909,0.0595601698939232,-0.000455777090407547,0.119576116878254
1921,6.99999999999909,0.0726423617568767,0.0124675913587698,0.132817132154984
1922,6.99999999999909,0.085992056100802,0.0255630230461829,0.146421089155421
1923,6.99999999999909,0.0995175475216321,0.0389906674559867,0.160044427587277
1924,6.99999999999909,0.113145696749747,0.0528005078271589,0.173490885672335
1925,6.99999999999909,0.126848139214725,0.0667494260693992,0.186946852360051
1926,6.99999999999909,0.140603124567426,0.0805903169179993,0.200615932216853
1927,6.99999999999909,0.154388902458709,0.0942307588937159,0.214547046023703
1928,6.99999999999909,0.168183722539435,0.107770429022816,0.228597016056053
1929,6.99999999999909,0.181965819673333,0.121435745979579,0.242495893367087
1930,6.99999999999909,0.195695541775706,0.135332726897355,0.256058356654056
1931,6.99999999999909,0.209280621421292,0.149168214951681,0.269393027890904
1932,6.99999999999909,0.222619165312035,0.162608205292051,0.282630125332018
1933,6.99999999999909,0.235609280149875,0.17546708727993,0.295751473019819
1934,6.99999999999909,0.248149072636753,0.187752096845055,0.308546048428452
1935,6.99999999999909,0.2601366493085,0.199604925038048,0.320668373578953
1936,6.99999999999909,0.271465632351683,0.211085509683913,0.331845755019453
1937,6.99999999999909,0.282013467172864,0.221886533595396,0.342140400750331
1938,6.99999999999909,0.291653952696349,0.231643597438384,0.351664307954314
1939,6.99999999999909,0.300260887846443,0.240133952214973,0.360387823477914
1940,6.99999999999909,0.307708071547454,0.247327944891812,0.368088198203096
1941,6.99999999999909,0.313869302723684,0.253337572742496,0.374401032704873
1942,6.99999999999909,0.318654810314004,0.258257827371346,0.379051793256662
1943,6.99999999999909,0.322136436639576,0.261994235580631,0.382278637698521
1944,6.99999999999909,0.324430824708203,0.264419856014842,0.384441793401565
1945,6.99999999999909,0.325654619187219,0.265542204248584,0.385767034125855
1946,6.99999999999909,0.325924464743959,0.265561642379921,0.386287287107997
1947,6.99999999999909,0.325357006045755,0.264826926687863,0.385887085403647
1948,6.99999999999909,0.324069854479488,0.263656558038568,0.384483150920409
1949,6.99999999999909,0.322185905553197,0.262027762851639,0.382344048254756
1950,6.99999999999909,0.319829851148408,0.259817049285135,0.379842653011681
1951,6.99999999999909,0.317126384631705,0.257027683332203,0.377225085931207
1952,6.99999999999909,0.314200199369675,0.253855029449226,0.374545369290124
1953,6.99999999999909,0.311175988728902,0.250649135921895,0.371702841535908
1954,6.99999999999909,0.308170437080555,0.247741440706753,0.368599433454358
1955,6.99999999999909,0.305246012230406,0.245071288964507,0.365420735496304
1956,6.99999999999909,0.30244270071555,0.242426811949043,0.362458589482058
1957,6.99999999999909,0.299800416653784,0.239714514144757,0.359886319162811
1958,6.99999999999909,0.297359074162902,0.237031752533804,0.357686395792001
1959,6.99999999999909,0.2951585873607,0.234636397750773,0.355680776970627
1960,6.99999999999909,0.293243555010259,0.232799479049049,0.353687630971469
1961,6.99999999999909,0.291698197819614,0.23150622445364,0.351890171185587
1962,6.99999999999909,0.290626659437929,0.230606321053893,0.350646997821965
1963,6.99999999999909,0.290133234419077,0.230059021134714,0.35020744770344
1964,6.99999999999909,0.290322217316931,0.230012687032931,0.35063174760093
1965,6.99999999999909,0.291297902685363,0.230781559245354,0.351814246125372
1966,6.99999999999909,0.293163175757611,0.232704530058848,0.353621821456374
1967,6.99999999999909,0.296005833404015,0.235795794869055,0.356215871938975
1968,6.99999999999909,0.299904519662047,0.239878154091996,0.359930885232099
1969,6.99999999999909,0.304937750144835,0.244873835402135,0.365001664887535
1970,6.99999999999909,0.311184040465507,0.250891939405478,0.371476141525535
1971,6.99999999999909,0.318721906237189,0.258212338613577,0.3792314738608
1972,6.99999999999909,0.327622008577626,0.267149277821506,0.388094739333745
1973,6.99999999999909,0.337846598521236,0.277617734248518,0.398075462793954
1974,6.99999999999909,0.349278902690375,0.289245060694395,0.409312744686355
1975,6.99999999999909,0.361800355126231,0.301745579284499,0.421855130967964
1976,6.99999999999909,0.375292389869994,0.31501775154816,0.435567028191827
1977,6.99999999999909,0.389636440962851,0.329135225673755,0.450137656251948
1978,6.99999999999909,0.404715061275755,0.344229810787764,0.465200311763745
1979,6.99999999999909,0.420431219318125,0.360184108618506,0.480678330017745
1980,6.99999999999909,0.436705720411738,0.376664467907463,0.496746972916014
1981,6.99999999999909,0.453459969992868,0.393414750482498,0.513505189503238
1982,6.99999999999909,0.470615373497788,0.410359714563167,0.530871032432409
1983,6.99999999999909,0.488093336362773,0.42760321929116,0.548583453434386
1984,6.99999999999909,0.50581659839997,0.445321018343725,0.566312178456216
1985,6.99999999999909,0.523741225264451,0.463475788692086,0.584006661836816
1986,6.99999999999909,0.541858141722115,0.481806787452056,0.601909495992175
1987,6.99999999999909,0.560159913762832,0.500118819016741,0.620201008508923
1988,6.99999999999909,0.578639107376471,0.518393829892974,0.638884384859967
1989,6.99999999999909,0.597288288552901,0.536796235014559,0.657780342091242
1990,6.99999999999909,0.6161001231638,0.555573320951357,0.676626925376243
1991,6.99999999999909,0.635070861323394,0.574754322430216,0.695387400216572
1992,6.99999999999909,0.654201243434377,0.594092512295093,0.714309974573662
1993,6.99999999999909,0.67349229388054,0.613391332663847,0.733593255097234
1994,6.99999999999909,0.692945037045673,0.632627236487721,0.753262837603625
1995,6.99999999999909,0.712560497313564,0.651961906639842,0.773159087987287
1996,6.99999999999909,0.732339510217486,0.671650455888842,0.79302856454613
1997,6.99999999999909,0.752272464268876,0.691742237951319,0.812802690586434
1998,6.99999999999909,0.772334043925458,0.711972065347842,0.832696022503075
1999,6.99999999999909,0.792497638319247,0.732108882490306,0.852886394148188
2000,6.99999999999909,0.812736636582259,0.752090210521218,0.8733830626433
2001,6.99999999999909,0.833024427846511,0.772040607926121,0.894008247766902
2002,6.99999999999909,0.853334763955165,0.792187953691916,0.914481574218413
2003,6.99999999999909,0.873675829515539,0.812627409186738,0.934724249844339
2004,6.99999999999909,0.894118118942671,0.833204824782544,0.955031413102798
2005,6.99999999999909,0.914738687331136,0.853791958117776,0.975685416544496
2006,6.99999999999909,0.935614589775507,0.874422011676891,0.996807167874124
2007,6.99999999999909,0.956822881370359,0.895313534123172,1.01833222861755
2008,6.99999999999909,0.978440554006455,0.916793709352767,1.04008739866014
2009,6.99999999999909,1.00053230672617,0.939035262026212,1.06202935142613
2010,6.99999999999909,1.02313593598731,0.96185638911508,1.08441548285954
2011,6.99999999999909,1.04628567805899,0.985063098157633,1.10750825796034
2012,6.99999999999909,1.07001576921033,1.00860362692079,1.13142791149987
2013,6.99999999999909,1.09436044571047,1.03259778484241,1.15612310657852
2014,6.99999999999909,1.11935389583496,1.05726490951647,1.18144288215345
2015,6.99999999999909,1.1450035507014,1.08265848305034,1.20734861835245
2016,6.99999999999909,1.17124562798745,1.10839540861494,1.23409584735996
2017,6.99999999999909,1.19800462819376,1.13402743589273,1.26198182049478
2018,6.99999999999909,1.22520505182095,1.15922736895589,1.29118273468601
2019,6.99999999999909,1.25277139936969,1.18383241164505,1.32171038709432
2020,6.99999999999909,1.28062817348516,1.20778095981318,1.35347538715713
2021,6.99999999999909,1.30870785431368,1.23094646448857,1.38646924413879
2022,6.99999999999909,1.33696889371494,1.2530221018445,1.42091568558538
2023,6.99999999999909,1.36537501997439,1.27374440361716,1.45700563633163
2024,6.99999999999909,1.39388996137749,1.29302016659121,1.49475975616377
2025,6.99999999999909,1.42247744620968,1.31094211262228,1.53401277979708
2026,6.99999999999909,1.45110120275642,1.32774787506613,1.5744545304467
2027,6.99999999999909,1.47973100458891,1.34373851257133,1.61572349660649
2028,6.99999999999909,1.50836080642141,1.3591315488903,1.65759006395251
2029,6.99999999999909,1.5369906082539,1.37407258068584,1.69990863582196
2030,6.99999999999909,1.5656204100864,1.38866647513355,1.74257434503925
2031,6.99999999999909,1.59425021191889,1.4029896423569,1.78551078148088
2032,6.99999999999909,1.62288001375139,1.41709854026968,1.82866148723309
2033,6.99999999999909,1.65150981558388,1.43103550149565,1.87198412967211
2034,6.99999999999909,1.68013961741638,1.44483273162189,1.91544650321086
2035,6.99999999999909,1.70876941924887,1.45851507499653,1.95902376350121
2036,6.99999999999909,1.73739922108137,1.47210194986041,2.00269649230232
2037,6.99999999999909,1.76602902291386,1.48560871979254,2.04644932603518
2038,6.99999999999909,1.79465882474636,1.49904767868913,2.09026997080358
2039,6.99999999999909,1.82328862657885,1.51242876759232,2.13414848556539
2040,6.99999999999909,1.85191842841135,1.52576010309948,2.17807675372321
2041,6.99999999999909,1.88054823024384,1.5390483716837,2.22204808880399
2042,6.99999999999909,1.90917803207634,1.55229912739268,2.26605693675999
2043,6.99999999999909,1.93780783390883,1.56551701908115,2.31009864873651
2044,6.99999999999909,1.96643763574133,1.578705965656,2.35416930582666
2045,6.99999999999909,1.99506743757382,1.59186929254521,2.39826558260243
2046,6.99999999999909,2.02369723940632,1.60500983894255,2.44238463987009
2047,6.99999999999909,2.05232704123881,1.61813004280958,2.48652403966805
2048,6.99999999999909,2.08095684307131,1.63123200879145,2.53068167735118
2049,6.99999999999909,2.1095866449038,1.64431756289169,2.57485572691592
2050,6.99999999999909,2.1382164467363,1.65738829680123,2.61904459667138
